"id","measurement","time"
"-M_SK_aoemvXEzs7iqnq","75","Tue, 11 May 2021 21:30:10 GMT"
"-M_SKc1ZW-QAO2_Yun6u","75.125","Tue, 11 May 2021 21:30:20 GMT"
"-M_SKekas7K-D9QtY59U","74.8125","Tue, 11 May 2021 21:30:30 GMT"
"-M_SKhBasJ0rJfqn8EpF","74.5","Tue, 11 May 2021 21:30:41 GMT"
"-M_SKjMdI4usfjNNMMhX","74.5","Tue, 11 May 2021 21:30:50 GMT"
"-M_SKnBHJJGLoy04i7J7","73.6875","Tue, 11 May 2021 21:31:06 GMT"
"-M_SKoRZguhsYFcPIJml","73.3125","Tue, 11 May 2021 21:31:10 GMT"
"-M_SKqgM-TxxfQ64XYQT","72.875","Tue, 11 May 2021 21:31:20 GMT"
"-M_SKtrIZMY8AF90vgzk","72.5625","Tue, 11 May 2021 21:31:32 GMT"
"-M_SKvrUNvHOzzIba4vy","72.25","Tue, 11 May 2021 21:31:41 GMT"
"-M_SKy-bI61zBxiQOHCr","71.875","Tue, 11 May 2021 21:31:50 GMT"
"-M_SL-jIKRwXHCeTWWtX","71.5","Tue, 11 May 2021 21:32:01 GMT"
"-M_SL1t5_Pxy2KJztGlk","71.25","Tue, 11 May 2021 21:32:10 GMT"
"-M_SL4KbVkVJNNqFoWzz","70.9375","Tue, 11 May 2021 21:32:20 GMT"
"-M_SL72fsjA8mYveBTzi","70.625","Tue, 11 May 2021 21:32:31 GMT"
"-M_SL9DpWMKlaQ92OCFj","70.1875","Tue, 11 May 2021 21:32:40 GMT"
"-M_SLBeM_IO7163Efyc9","69.875","Tue, 11 May 2021 21:32:50 GMT"
"-M_SLE5KAyG1xK5h4II1","69.5","Tue, 11 May 2021 21:33:00 GMT"
"-M_SLGY4X67GtR4YH5WI","69.1875","Tue, 11 May 2021 21:33:10 GMT"
"-M_SLJ-hlCF2EcpDjA6R","68.75","Tue, 11 May 2021 21:33:20 GMT"
"-M_SLLQPfnS74ePUv-OB","68.5","Tue, 11 May 2021 21:33:30 GMT"
"-M_SLO6gQszLqvl8PtWF","68.1875","Tue, 11 May 2021 21:33:41 GMT"
"-M_SLQKAMFldATRZ6I22","67.8125","Tue, 11 May 2021 21:33:50 GMT"
"-M_SLSjo64lAu5oecpQI","67.8125","Tue, 11 May 2021 21:34:00 GMT"
"-M_SLVBDreDu0Jxuk-Mb","67.1875","Tue, 11 May 2021 21:34:10 GMT"
"-M_SLXcah5HUBvvGBuW6","66.875","Tue, 11 May 2021 21:34:20 GMT"
"-M_SLaETwVlLQvXKu-Iw","66.5","Tue, 11 May 2021 21:34:35 GMT"
"-M_SLgPyfo0P1R_OR2hW","66.125","Tue, 11 May 2021 21:35:00 GMT"
"-M_SLgTsSY_YCzWGYOZt","65.8125","Tue, 11 May 2021 21:35:10 GMT"
"-M_SLiv-ZYmSyvfXg6UQ","65.8125","Tue, 11 May 2021 21:35:20 GMT"
"-M_SLlLqX_lNPPKAxOwD","64.8125","Tue, 11 May 2021 21:35:30 GMT"
"-M_SLnn5kXluMNeMgg_6","64.5","Tue, 11 May 2021 21:35:40 GMT"
"-M_SLqEHvdjsq__f_hip","64.25","Tue, 11 May 2021 21:35:50 GMT"
"-M_SLsfc2clOrGPvqnhd","64","Tue, 11 May 2021 21:36:00 GMT"
"-M_SLv7C6LRWc404Sr8b","63.75","Tue, 11 May 2021 21:36:10 GMT"
"-M_SLxZRoZsXWRMlPR4B","63.5","Tue, 11 May 2021 21:36:20 GMT"
"-M_SM-1KuTSvHboJbaIw","63.1875","Tue, 11 May 2021 21:36:30 GMT"
"-M_SM1S-6sFHTw8IYbuL","62.9375","Tue, 11 May 2021 21:36:40 GMT"
"-M_SM3t6Aum2MBr6dGej","62.625","Tue, 11 May 2021 21:36:50 GMT"
"-M_SM6L4HC_rt8PZQuST","62.375","Tue, 11 May 2021 21:37:00 GMT"
"-M_SM8lP-DEsHGXsrD-1","62.125","Tue, 11 May 2021 21:37:10 GMT"
"-M_SMBCedzuHGeuwq8XO","61.875","Tue, 11 May 2021 21:37:20 GMT"
"-M_SMDdwdiwP975HQA_y","61.625","Tue, 11 May 2021 21:37:30 GMT"
"-M_SMG53uM8uId9YT-R4","61.375","Tue, 11 May 2021 21:37:40 GMT"
"-M_SMIXSn4LmoRHC4wYr","61.125","Tue, 11 May 2021 21:37:51 GMT"
"-M_SMLCkJ2LZ6xuXnqaX","60.875","Tue, 11 May 2021 21:38:00 GMT"
"-M_SMNRJT03XQloR0_IM","60.625","Tue, 11 May 2021 21:38:10 GMT"
"-M_SMPrmXmCRa2B3yFW8","60.625","Tue, 11 May 2021 21:38:20 GMT"
"-M_SMSIszO2Ksyce0wEv","60.125","Tue, 11 May 2021 21:38:30 GMT"
"-M_SMUjeiejBUF1n_zrm","59.875","Tue, 11 May 2021 21:38:40 GMT"
"-M_SMXBpEwXdILuF-5K0","59.6875","Tue, 11 May 2021 21:38:51 GMT"
"-M_SMZntnwpU4KR6JkxG","59.4375","Tue, 11 May 2021 21:39:02 GMT"
"-M_SMbQQ6PSViWsAAw1y","59.25","Tue, 11 May 2021 21:39:10 GMT"
"-M_SMdW9zkWE2KLlEkVL","59","Tue, 11 May 2021 21:39:20 GMT"
"-M_SMfy0N_TwZiMvFYDk","58.75","Tue, 11 May 2021 21:39:30 GMT"
"-M_SMiOnZQoGEabmcPtD","58.4375","Tue, 11 May 2021 21:39:40 GMT"
"-M_SMkpo_ziafj2mBUm5","58.25","Tue, 11 May 2021 21:39:50 GMT"
"-M_SMnH5g7Sv6OAbo6Rl","58.0625","Tue, 11 May 2021 21:40:00 GMT"
"-M_SMpiW8g9TaphLvaPZ","57.8125","Tue, 11 May 2021 21:40:10 GMT"
"-M_SMs9kVhx2uPKdwhTC","57.5625","Tue, 11 May 2021 21:40:20 GMT"
"-M_SMuavN_QXwa5M-ye7","57.375","Tue, 11 May 2021 21:40:30 GMT"
"-M_SMx20Q0jW3vJ7APON","57.25","Tue, 11 May 2021 21:40:40 GMT"
"-M_SMzUNeyixNe71YToW","57","Tue, 11 May 2021 21:40:50 GMT"
"-M_SN1AsKKEULoocripX","56.75","Tue, 11 May 2021 21:41:00 GMT"
"-M_SN3NoMnkGqWDAGqoi","56.5","Tue, 11 May 2021 21:41:10 GMT"
"-M_SN5nqLQMM7YF-snpt","56.5","Tue, 11 May 2021 21:41:20 GMT"
"-M_SN8FECGUqiZ2AqY1z","56.125","Tue, 11 May 2021 21:41:30 GMT"
"-M_SNAgHhOsozplR2ecM","55.875","Tue, 11 May 2021 21:41:40 GMT"
"-M_SND7WMLtsVZnWr9Sp","55.6875","Tue, 11 May 2021 21:41:50 GMT"
"-M_SNFZgJhO0g8AACC4E","55.5","Tue, 11 May 2021 21:42:00 GMT"
"-M_SNI0OSDj3oUld9E9q","55.375","Tue, 11 May 2021 21:42:10 GMT"
"-M_SNKfcz10hOakI09mP","55.25","Tue, 11 May 2021 21:42:20 GMT"
"-M_SNMuOG8eToLL-9KeO","55","Tue, 11 May 2021 21:42:30 GMT"
"-M_SNPL9Ar4xD-4cG_oE","54.8125","Tue, 11 May 2021 21:42:40 GMT"
"-M_SNRmQLt9hFUpKqPGY","54.625","Tue, 11 May 2021 21:42:50 GMT"
"-M_SNUDdPuQAf2naWsM6","54.4375","Tue, 11 May 2021 21:43:00 GMT"
"-M_SNWepa1TnRe9Xtl3z","54.25","Tue, 11 May 2021 21:43:10 GMT"
"-M_SNZ5txECN7e2ACOYT","54.0625","Tue, 11 May 2021 21:43:20 GMT"
"-M_SNaY30a1nindG9JgC","53.9375","Tue, 11 May 2021 21:43:30 GMT"
"-M_SNczMKOMO-SL6iCAE","53.75","Tue, 11 May 2021 21:43:40 GMT"
"-M_SNfQvEa3Vledqwh_V","53.5625","Tue, 11 May 2021 21:43:50 GMT"
"-M_SNhsTIgn-6DRwvFE8","53.375","Tue, 11 May 2021 21:44:01 GMT"
"-M_SNkZOOjY6hDkejEqC","53.25","Tue, 11 May 2021 21:44:10 GMT"
"-M_SNmkjlNxGUig05pDy","53.0625","Tue, 11 May 2021 21:44:20 GMT"
"-M_SNpCNM45lPrV0pwmm","53.0625","Tue, 11 May 2021 21:44:30 GMT"
"-M_SNrdC0xEWvh82Ce3m","52.75","Tue, 11 May 2021 21:44:40 GMT"
"-M_SNu4iKzUUSDv-nGEX","52.5625","Tue, 11 May 2021 21:44:50 GMT"
"-M_SNwXFLo_6MjxIfbq7","52.375","Tue, 11 May 2021 21:45:00 GMT"
"-M_SNyxs3WwFpk8jHe6O","52.1875","Tue, 11 May 2021 21:45:10 GMT"
"-M_SO0PlQdq6cs_Feo65","52.0625","Tue, 11 May 2021 21:45:20 GMT"
"-M_SO2qHWrqAEy8Y2ZpQ","51.875","Tue, 11 May 2021 21:45:31 GMT"
"-M_SO5PdH8bvU6uvpIXp","51.75","Tue, 11 May 2021 21:45:40 GMT"
"-M_SO7j5G67wrOB_OzSY","51.5625","Tue, 11 May 2021 21:45:52 GMT"
"-M_SOAYH3LP3YNclwXp7","51.4375","Tue, 11 May 2021 21:46:00 GMT"
"-M_SOCbujN5stsVzLI9I","51.25","Tue, 11 May 2021 21:46:10 GMT"
"-M_SOF3121ERcZaVn-9F","51.0625","Tue, 11 May 2021 21:46:20 GMT"
"-M_SOHV-vd8mSPSKEqJ1","50.9375","Tue, 11 May 2021 21:46:32 GMT"
"-M_SOKUo7gdCdD4T2ZzB","50.8125","Tue, 11 May 2021 21:46:40 GMT"
"-M_SOMNcWp5MNi-DsCB6","50.625","Tue, 11 May 2021 21:46:50 GMT"
"-M_SOOouU0qZnfwhk1Lv","50.5","Tue, 11 May 2021 21:47:00 GMT"
"-M_SORYVweOH73XlnBUT","50.3125","Tue, 11 May 2021 21:47:10 GMT"
"-M_SOTgsPDg4GiAvQuwY","50.1875","Tue, 11 May 2021 21:47:20 GMT"
"-M_SOW8eYbHcjzDKEGjR","50.1875","Tue, 11 May 2021 21:47:30 GMT"
"-M_SOY_MMdcsDIkW6tuI","49.875","Tue, 11 May 2021 21:47:40 GMT"
"-M_SOa0ZUmkEv4C2dunh","49.75","Tue, 11 May 2021 21:47:50 GMT"
"-M_SOcSsRjhTmR0p9Vxu","49.5625","Tue, 11 May 2021 21:48:00 GMT"
"-M_SOeuEi6-8KQCh_Pyn","49.375","Tue, 11 May 2021 21:48:10 GMT"
"-M_SOhLMqIcjmuwYUZLb","49.25","Tue, 11 May 2021 21:48:20 GMT"
"-M_SOjmXDrTI4TsQfOx8","49.125","Tue, 11 May 2021 21:48:30 GMT"
"-M_SOmDh1KSzrAOlYhLT","49","Tue, 11 May 2021 21:48:40 GMT"
"-M_SOof3ZiVhgave9Lfa","48.875","Tue, 11 May 2021 21:48:50 GMT"
"-M_SOr6KIgCr8eHd-vli","48.6875","Tue, 11 May 2021 21:49:00 GMT"
"-M_SOtYj3e7haKdiMijP","48.5625","Tue, 11 May 2021 21:49:10 GMT"
"-M_SOwMCPzbPbl9AqrjK","48.4375","Tue, 11 May 2021 21:49:20 GMT"
"-M_SOyRhYmIWcg2XQo1e","48.3125","Tue, 11 May 2021 21:49:32 GMT"
"-M_SP0hg-pnnBCE5wGVP","48.1875","Tue, 11 May 2021 21:49:40 GMT"
"-M_SP2KNZus93q6TPnYC","48.0625","Tue, 11 May 2021 21:49:50 GMT"
"-M_SP4lHKxBcaA2es-vg","47.9375","Tue, 11 May 2021 21:50:00 GMT"
"-M_SP8IzEWAs2WPP6vPj","47.8125","Tue, 11 May 2021 21:50:10 GMT"
"-M_SP9fXbEu_pUw1sRTL","47.6875","Tue, 11 May 2021 21:50:21 GMT"
"-M_SPCTSPRyKq-zKTdQw","47.6875","Tue, 11 May 2021 21:50:31 GMT"
"-M_SPEYLDVhBLIJbnGoJ","47.4375","Tue, 11 May 2021 21:50:42 GMT"
"-M_SPHgkDoAx6c8gFvci","47.3125","Tue, 11 May 2021 21:50:50 GMT"
"-M_SPJPkpIPLkg5jNxIp","47.1875","Tue, 11 May 2021 21:51:00 GMT"
"-M_SPLqkIgC-B-DeeiMG","47.0625","Tue, 11 May 2021 21:51:10 GMT"
"-M_SPOI55pexEfkg3sJP","46.9375","Tue, 11 May 2021 21:51:20 GMT"
"-M_SPQjG2BBm9DG8KJZn","46.8125","Tue, 11 May 2021 21:51:30 GMT"
"-M_SPTBBqo_RMTOb0oBu","46.6875","Tue, 11 May 2021 21:51:42 GMT"
"-M_SPW0PXVa5vjB-olss","46.5625","Tue, 11 May 2021 21:51:50 GMT"
"-M_SPY4lMjx5cGEaVxKG","46.4375","Tue, 11 May 2021 21:52:00 GMT"
"-M_SP_Vi7i5HYnmmT5eL","46.3125","Tue, 11 May 2021 21:52:10 GMT"
"-M_SPcY-If91VA_0gbUY","46.1875","Tue, 11 May 2021 21:52:22 GMT"
"-M_SPegUUyeiqeYiLihX","46.0625","Tue, 11 May 2021 21:52:30 GMT"
"-M_SPgp8uTYSrhWqY-C2","45.9375","Tue, 11 May 2021 21:52:40 GMT"
"-M_SPjH2NniXp1BNvqba","45.8125","Tue, 11 May 2021 21:52:50 GMT"
"-M_SPlhalKkQ6JqRdB4C","45.75","Tue, 11 May 2021 21:53:00 GMT"
"-M_SPo938HHFExLPHYFl","45.625","Tue, 11 May 2021 21:53:11 GMT"
"-M_SPqqKAO29m8JZKZbx","45.5","Tue, 11 May 2021 21:53:20 GMT"
"-M_SPt1M8v1giXIP011c","45.375","Tue, 11 May 2021 21:53:30 GMT"
"-M_SPvUaheEZlxMxMmTt","45.375","Tue, 11 May 2021 21:53:40 GMT"
"-M_SPxugHoIjfAV7XgKd","45.1875","Tue, 11 May 2021 21:53:50 GMT"
"-M_SQ-LmekWZtVI0_wFC","45.0625","Tue, 11 May 2021 21:54:00 GMT"
"-M_SQ1n6Bx5SbBLO4gPh","44.9375","Tue, 11 May 2021 21:54:10 GMT"
"-M_SQ4EFouleGWGSb7Ig","44.8125","Tue, 11 May 2021 21:54:20 GMT"
"-M_SQ6f_dw-0tRntvKt1","44.75","Tue, 11 May 2021 21:54:30 GMT"
"-M_SQ96vP4qpN6gXiHE4","44.625","Tue, 11 May 2021 21:54:40 GMT"
"-M_SQBZ1LPTX1a5gQOgz","44.5","Tue, 11 May 2021 21:54:50 GMT"
"-M_SQE-MTD1WbriJmplT","44.375","Tue, 11 May 2021 21:55:00 GMT"
"-M_SQGReTfvE48k2B_cd","44.25","Tue, 11 May 2021 21:55:10 GMT"
"-M_SQIsuphdBC7_abmuH","44.1875","Tue, 11 May 2021 21:55:20 GMT"
"-M_SQLK6cv_treaO2t4O","44.0625","Tue, 11 May 2021 21:55:30 GMT"
"-M_SQNlNvZEFTzGDDl9q","43.9375","Tue, 11 May 2021 21:55:40 GMT"
"-M_SQQCpeXodUU26PdyI","43.875","Tue, 11 May 2021 21:55:50 GMT"
"-M_SQSe-HsNvz5Co96A-","43.8125","Tue, 11 May 2021 21:56:00 GMT"
"-M_SQV5DJL_dkV0vrlpY","43.6875","Tue, 11 May 2021 21:56:11 GMT"
"-M_SQXuQgtj7N2GzW0ys","43.5625","Tue, 11 May 2021 21:56:20 GMT"
"-M_SQZylebkPSkhyoNVu","43.4375","Tue, 11 May 2021 21:56:30 GMT"
"-M_SQbQA_GpgnTUhZ9LD","43.4375","Tue, 11 May 2021 21:56:40 GMT"
"-M_SQdr9cu5hDAIbEvUS","43.25","Tue, 11 May 2021 21:56:50 GMT"
"-M_SQgISiBF7h7FciE0m","43.125","Tue, 11 May 2021 21:57:00 GMT"
"-M_SQijknObTiNNCZB1Y","43.0625","Tue, 11 May 2021 21:57:10 GMT"
"-M_SQlAwM7ZmBPO6Ihfn","42.9375","Tue, 11 May 2021 21:57:20 GMT"
"-M_SQncQdLJ51mJ8xeNh","42.8125","Tue, 11 May 2021 21:57:30 GMT"
"-M_SQq3Zy_q-e2oev2o9","42.75","Tue, 11 May 2021 21:57:40 GMT"
"-M_SQsVl3H_7jXt-722p","42.625","Tue, 11 May 2021 21:57:50 GMT"
"-M_SQuxWhe45tesJlBvN","42.5625","Tue, 11 May 2021 21:58:00 GMT"
"-M_SQxOaNZPcZuIQVBML","42.4375","Tue, 11 May 2021 21:58:10 GMT"
"-M_SQzqGrVrix5dFMlIl","42.375","Tue, 11 May 2021 21:58:20 GMT"
"-M_SR1HWSjpXnKyapUDp","42.25","Tue, 11 May 2021 21:58:30 GMT"
"-M_SR3iPy1TPV6k6htZg","42.1875","Tue, 11 May 2021 21:58:40 GMT"
"-M_SR6R4_4DW9rM79b6z","42.0625","Tue, 11 May 2021 21:58:50 GMT"
"-M_SR8ajtR7Z3ihkc6mG","42","Tue, 11 May 2021 21:59:00 GMT"
"-M_SRB26g7V4ekWRjSBl","41.9375","Tue, 11 May 2021 21:59:10 GMT"
"-M_SRDUPonjWOVQRo_Qg","41.8125","Tue, 11 May 2021 21:59:22 GMT"
"-M_SRGCveg0811Tl6roh","41.6875","Tue, 11 May 2021 21:59:30 GMT"
"-M_SRIMt1UHJnL3SAod3","41.625","Tue, 11 May 2021 21:59:40 GMT"
"-M_SRKo_R0knNnNlb7tt","41.625","Tue, 11 May 2021 21:59:50 GMT"
"-M_SRNFynD5XRDp4Ja3S","41.4375","Tue, 11 May 2021 22:00:00 GMT"
"-M_SRPglHaTRCtD0ohYJ","41.375","Tue, 11 May 2021 22:00:10 GMT"
"-M_SRS8NWhTsVWWlHOh7","41.3125","Tue, 11 May 2021 22:00:20 GMT"
"-M_SRU_dRc0S4EgOi5fH","41.25","Tue, 11 May 2021 22:00:30 GMT"
"-M_SRX0cdIaM2HDFv-Iz","41.125","Tue, 11 May 2021 22:00:40 GMT"
"-M_SRZSdph42s8uEK7QP","41","Tue, 11 May 2021 22:00:50 GMT"
"-M_SRatqUEVPb0bO8omI","40.9375","Tue, 11 May 2021 22:01:00 GMT"
"-M_SRdOM3mK3hoazK9Mw","40.875","Tue, 11 May 2021 22:01:10 GMT"
"-M_SRfmX776-kzK4UVfm","40.75","Tue, 11 May 2021 22:01:20 GMT"
"-M_SRiDm4gOq4DNj8XH2","40.6875","Tue, 11 May 2021 22:01:30 GMT"
"-M_SRkekDCC2XxWsqnEm","40.5625","Tue, 11 May 2021 22:01:40 GMT"
"-M_SRn6M5PPqU1f9Te9D","40.5","Tue, 11 May 2021 22:01:50 GMT"
"-M_SRpYES_04fgorPG1L","40.4375","Tue, 11 May 2021 22:02:00 GMT"
"-M_SRrzCTRiHaIMcqpjO","40.3125","Tue, 11 May 2021 22:02:10 GMT"
"-M_SRuQYHH1Q-g-CgRc0","40.25","Tue, 11 May 2021 22:02:20 GMT"
"-M_SRx6YfqrzI7_fY1F3","40.1875","Tue, 11 May 2021 22:02:30 GMT"
"-M_SRzIyjEN17qxwnLCF","40.125","Tue, 11 May 2021 22:02:40 GMT"
"-M_SS0k8tR1FGKBLsFS6","40.125","Tue, 11 May 2021 22:02:50 GMT"
"-M_SS3BY-8dB8ROHcNhy","40","Tue, 11 May 2021 22:03:00 GMT"
"-M_SS5cki5Cmzu58rrFy","39.875","Tue, 11 May 2021 22:03:10 GMT"
"-M_SS84s4ezmTqTNhiag","39.8125","Tue, 11 May 2021 22:03:20 GMT"
"-M_SSAWkrWd9BZDes1W6","39.75","Tue, 11 May 2021 22:03:30 GMT"
"-M_SSCyGfkhSkgkCnsfJ","39.625","Tue, 11 May 2021 22:03:40 GMT"
"-M_SSFmWvuFlRBbloAUt","39.5625","Tue, 11 May 2021 22:03:51 GMT"
"-M_SSI56nFxUOsOaIKXP","39.5","Tue, 11 May 2021 22:04:00 GMT"
"-M_SSKHqnYQpBpe8KyjO","39.4375","Tue, 11 May 2021 22:04:12 GMT"
"-M_SSN2_gyReqAn7mE45","39.375","Tue, 11 May 2021 22:04:20 GMT"
"-M_SSPA24-E5eFsTdf_Z","39.25","Tue, 11 May 2021 22:04:30 GMT"
"-M_SSRbL7YRJlifTcScf","39.1875","Tue, 11 May 2021 22:04:40 GMT"
"-M_SSU2CIfCexX1awybQ","39.125","Tue, 11 May 2021 22:04:50 GMT"
"-M_SSWUO-4Xzf7ANpF8N","39.0625","Tue, 11 May 2021 22:05:00 GMT"
"-M_SSYvp52tznRvk--Bu","38.9375","Tue, 11 May 2021 22:05:10 GMT"
"-M_SSaMvu-P4jC8wyemO","38.875","Tue, 11 May 2021 22:05:20 GMT"
"-M_SSd5Etr6jgTI04KBE","38.8125","Tue, 11 May 2021 22:05:30 GMT"
"-M_SSfFyW4hD0zysKF6V","38.75","Tue, 11 May 2021 22:05:40 GMT"
"-M_SShh7-rdiJl1pCb-8","38.75","Tue, 11 May 2021 22:05:50 GMT"
"-M_SSk8UKbM0flpn3mk_","38.5625","Tue, 11 May 2021 22:06:00 GMT"
"-M_SSma0ELIRuIyv7GH7","38.5","Tue, 11 May 2021 22:06:11 GMT"
"-M_SSp27ZYBhiPM4epHl","38.4375","Tue, 11 May 2021 22:06:20 GMT"
"-M_SSrTCnulxIYsEpzsY","38.375","Tue, 11 May 2021 22:06:30 GMT"
"-M_SStuSf06I8k8QoUYm","38.3125","Tue, 11 May 2021 22:06:42 GMT"
"-M_SSwggVVVd3T83S7S1","38.25","Tue, 11 May 2021 22:06:50 GMT"
"-M_SSymog3jnrTetT45p","38.125","Tue, 11 May 2021 22:07:00 GMT"
"-M_ST0DrspnXxWeYxXtq","38.0625","Tue, 11 May 2021 22:07:10 GMT"
"-M_ST2f3O5OrmosziSjF","38","Tue, 11 May 2021 22:07:20 GMT"
"-M_ST56NjMAym7vPvkPM","37.9375","Tue, 11 May 2021 22:07:30 GMT"
"-M_ST7Ydl22xrnd_zxBG","37.875","Tue, 11 May 2021 22:07:40 GMT"
"-M_ST9znJvIHcgD-qkcy","37.8125","Tue, 11 May 2021 22:07:50 GMT"
"-M_STCRU76CPTfuVFT_4","37.75","Tue, 11 May 2021 22:08:00 GMT"
"-M_STEtk8CndpTO5M5IZ","37.6875","Tue, 11 May 2021 22:08:10 GMT"
"-M_STHK6oz3hHNtIfKv3","37.625","Tue, 11 May 2021 22:08:20 GMT"
"-M_STK0KsHQ53646qjQg","37.5625","Tue, 11 May 2021 22:08:30 GMT"
"-M_STMCt8IAlGj0NXc1P","37.5","Tue, 11 May 2021 22:08:40 GMT"
"-M_STOdvm5HVnoLvTP7K","37.5","Tue, 11 May 2021 22:08:50 GMT"
"-M_STR53oTTIH_vQFfLO","37.3125","Tue, 11 May 2021 22:09:00 GMT"
"-M_STTXS2CouCh8xTd9J","37.25","Tue, 11 May 2021 22:09:10 GMT"
"-M_STVyPNnNNpbvKpgg0","37.1875","Tue, 11 May 2021 22:09:20 GMT"
"-M_STYPZxkpEmDWQa-CH","37.125","Tue, 11 May 2021 22:09:30 GMT"
"-M_ST_qb4kjKdZZ-BuAI","37.0625","Tue, 11 May 2021 22:09:40 GMT"
"-M_STcHr5Bm7QTheDjmC","37","Tue, 11 May 2021 22:09:50 GMT"
"-M_STej8wIfpLmEpRNAZ","36.9375","Tue, 11 May 2021 22:10:00 GMT"
"-M_SThAHwjXWkTinbzkl","36.875","Tue, 11 May 2021 22:10:10 GMT"
"-M_STjcACAQExmNiUc_y","36.8125","Tue, 11 May 2021 22:10:20 GMT"
"-M_STm3zC8_vluxYsS7_","36.75","Tue, 11 May 2021 22:10:30 GMT"
"-M_SToVUNGbMgR9yz1qm","36.6875","Tue, 11 May 2021 22:10:40 GMT"
"-M_STqxKbvtapkA5FMw3","36.625","Tue, 11 May 2021 22:10:51 GMT"
"-M_STtOq4URBjYhIcTCL","36.5625","Tue, 11 May 2021 22:11:00 GMT"
"-M_STvpGM7ESb6RsPUsS","36.5","Tue, 11 May 2021 22:11:10 GMT"
"-M_STyGOYJFl0HVUcgzq","36.4375","Tue, 11 May 2021 22:11:20 GMT"
"-M_SU-i5hqJZ9M0p3y-n","36.375","Tue, 11 May 2021 22:11:32 GMT"
"-M_SU2Pg30Yk15lZG3a5","36.3125","Tue, 11 May 2021 22:11:40 GMT"
"-M_SU4aCHV96TTGaYjXJ","36.25","Tue, 11 May 2021 22:11:50 GMT"
"-M_SU71Uf2Fc5pDV6Non","36.25","Tue, 11 May 2021 22:12:00 GMT"
"-M_SU9TFXAGdO_8vofQc","36.125","Tue, 11 May 2021 22:12:10 GMT"
"-M_SUBuYYB3qqJ-cNiAu","36.0625","Tue, 11 May 2021 22:12:20 GMT"
"-M_SUELnBptoL__AZIm8","36","Tue, 11 May 2021 22:12:30 GMT"
"-M_SUGn6qNVW2910zZDn","36","Tue, 11 May 2021 22:12:40 GMT"
"-M_SUJEbnIxXCZe-FOb0","35.9375","Tue, 11 May 2021 22:12:50 GMT"
"-M_SULfxXbuYbdVfpKv_","35.875","Tue, 11 May 2021 22:13:00 GMT"
"-M_SUO7D1koS-yynZeuB","35.8125","Tue, 11 May 2021 22:13:10 GMT"
"-M_SUQZoFTyWqRUkU2ru","35.75","Tue, 11 May 2021 22:13:20 GMT"
"-M_SUT-L6rX_knpiTWKN","35.625","Tue, 11 May 2021 22:13:30 GMT"
"-M_SUVRVUxMYnUTP2D_t","35.625","Tue, 11 May 2021 22:13:40 GMT"
"-M_SUXssOBzYCTvLULPR","35.5625","Tue, 11 May 2021 22:13:50 GMT"
"-M_SU_K3YKYqnLeDilWs","35.5","Tue, 11 May 2021 22:14:00 GMT"
"-M_SUblOu9wrwF2kM2Iz","35.4375","Tue, 11 May 2021 22:14:10 GMT"
"-M_SUeCtqQkyzxTd34t_","35.375","Tue, 11 May 2021 22:14:20 GMT"
"-M_SUgeE-JAVT3FghP0d","35.375","Tue, 11 May 2021 22:14:30 GMT"
"-M_SUjKnJPfXjD0djqN9","35.3125","Tue, 11 May 2021 22:14:40 GMT"
"-M_SUlXo3KpAJmilW8sW","35.25","Tue, 11 May 2021 22:14:50 GMT"
"-M_SUnyhjOKkc3C3Q5fR","35.25","Tue, 11 May 2021 22:15:00 GMT"
"-M_SUqPzKx7ec0yR6qLS","35.125","Tue, 11 May 2021 22:15:10 GMT"
"-M_SUsquqvlq5aRgoKj4","35.0625","Tue, 11 May 2021 22:15:20 GMT"
"-M_SUvIAMknu1Zd4kZFY","35","Tue, 11 May 2021 22:15:30 GMT"
"-M_SUxjYdY-GiDpEIqGr","34.875","Tue, 11 May 2021 22:15:40 GMT"
"-M_SV-An1HQmlxqdxsNB","34.875","Tue, 11 May 2021 22:15:50 GMT"
"-M_SV1bxlb8o2AufzcC-","34.8125","Tue, 11 May 2021 22:16:00 GMT"
"-M_SV4Oer11sPeuZLy-p","34.75","Tue, 11 May 2021 22:16:10 GMT"
"-M_SV6Vi3JmGBkTvGb2z","34.6875","Tue, 11 May 2021 22:16:20 GMT"
"-M_SV8wmLWoFoaJrkJPJ","34.625","Tue, 11 May 2021 22:16:30 GMT"
"-M_SVBO39ivO1d8cWfFs","34.5625","Tue, 11 May 2021 22:16:40 GMT"
"-M_SVDplDtb0T-Xlb_vT","34.5625","Tue, 11 May 2021 22:16:50 GMT"
"-M_SVGGWvVmpIcon_gGn","34.5","Tue, 11 May 2021 22:17:00 GMT"
"-M_SVIkCvuJvzvXvp-V4","34.4375","Tue, 11 May 2021 22:17:10 GMT"
"-M_SVL96SwlteGYnOT-E","34.4375","Tue, 11 May 2021 22:17:20 GMT"
"-M_SVNadHXxcYLgaDCSq","34.375","Tue, 11 May 2021 22:17:30 GMT"
"-M_SVQ1hhHtUa0zvIciq","34.3125","Tue, 11 May 2021 22:17:41 GMT"
"-M_SVSjDgv0pk-jQfQgf","34.25","Tue, 11 May 2021 22:17:50 GMT"
"-M_SVUvV-9bQQ601XgXZ","34.25","Tue, 11 May 2021 22:18:00 GMT"
"-M_SVXMoEZRsIWDx7WJ7","34.25","Tue, 11 May 2021 22:18:10 GMT"
"-M_SVZnzCkjsbq7Ad21Y","34.125","Tue, 11 May 2021 22:18:20 GMT"
"-M_SVbErhGK3bcc7Xjuq","34.0625","Tue, 11 May 2021 22:18:30 GMT"
"-M_SVdgKQnCkbW0I8ZV9","34","Tue, 11 May 2021 22:18:40 GMT"
"-M_SVg7NFfRoS2NfXBWd","33.9375","Tue, 11 May 2021 22:18:50 GMT"
"-M_SViZfmbUBXdevS_Mm","33.9375","Tue, 11 May 2021 22:19:00 GMT"
"-M_SVl0NMVuE0uet0Cju","33.875","Tue, 11 May 2021 22:19:10 GMT"
"-M_SVnSK7aH8aNUTKmA8","33.8125","Tue, 11 May 2021 22:19:21 GMT"
"-M_SVpuKb5yzonxIzSN2","33.75","Tue, 11 May 2021 22:19:30 GMT"
"-M_SVsLR_TgNuBfTIgyO","33.6875","Tue, 11 May 2021 22:19:40 GMT"
"-M_SVvGEu5LDYAGzU8kU","33.6875","Tue, 11 May 2021 22:19:51 GMT"
"-M_SVxEdVPus0IwXZbrz","33.625","Tue, 11 May 2021 22:20:00 GMT"
"-M_SVzeyycKHu2gf2S_v","33.5625","Tue, 11 May 2021 22:20:10 GMT"
"-M_SW167-q2ckPdl0-g3","33.5625","Tue, 11 May 2021 22:20:22 GMT"
"-M_SW3vToMzxuxWnKtAD","33.5","Tue, 11 May 2021 22:20:30 GMT"
"-M_SW5zxO1YNPg-JZnoD","33.4375","Tue, 11 May 2021 22:20:40 GMT"
"-M_SW8fo_rndhabBFZZT","33.375","Tue, 11 May 2021 22:20:50 GMT"
"-M_SWArtabeREhIUHuWY","33.375","Tue, 11 May 2021 22:21:00 GMT"
"-M_SWDJnfNpXv__zMf2j","33.375","Tue, 11 May 2021 22:21:15 GMT"
"-M_SWH9NPfQn87hPNG_S","33.25","Tue, 11 May 2021 22:21:20 GMT"
"-M_SWIBthZvhWj4VQBGb","33.1875","Tue, 11 May 2021 22:21:30 GMT"
"-M_SWKe1SsJ3KZVYfEcH","33.1875","Tue, 11 May 2021 22:21:40 GMT"
"-M_SWN4G3s0-TCzs0Gk1","33.125","Tue, 11 May 2021 22:21:50 GMT"
"-M_SWPWCntv_GjBWqpDR","33.125","Tue, 11 May 2021 22:22:00 GMT"
"-M_SWRxkkmByNWQbxwin","33.0625","Tue, 11 May 2021 22:22:10 GMT"
"-M_SWUP2YDt5AY3RPJfX","33","Tue, 11 May 2021 22:22:20 GMT"
"-M_SWWq098TQugbaa2ck","32.9375","Tue, 11 May 2021 22:22:30 GMT"
"-M_SWZH7VExTeNTrjlLY","32.9375","Tue, 11 May 2021 22:22:40 GMT"
"-M_SWaiJI__6tdAHCOk5","32.875","Tue, 11 May 2021 22:22:50 GMT"
"-M_SWd9_hg-73G2Mg06s","32.8125","Tue, 11 May 2021 22:23:00 GMT"
"-M_SWfane-GXNG1p0hcK","32.75","Tue, 11 May 2021 22:23:10 GMT"
"-M_SWi25E5PmgUy9ECYJ","32.6875","Tue, 11 May 2021 22:23:20 GMT"
"-M_SWkU_Q9EWi6cEFJuC","32.6875","Tue, 11 May 2021 22:23:33 GMT"
"-M_SWnb2XGGcLry13Rdy","32.625","Tue, 11 May 2021 22:23:40 GMT"
"-M_SWpMw7M2evXoJuXyj","32.5625","Tue, 11 May 2021 22:23:52 GMT"
"-M_SWs3u3dOb_iYEJLoI","32.5625","Tue, 11 May 2021 22:24:01 GMT"
"-M_SWuGGPDhXIxcERXE5","32.5","Tue, 11 May 2021 22:24:10 GMT"
"-M_SWwgiRldwlDFpYatJ","32.5","Tue, 11 May 2021 22:24:20 GMT"
"-M_SWz8dTkzBrf3S_P2k","32.4375","Tue, 11 May 2021 22:24:30 GMT"
"-M_SX0_PhXxykN5hU2HU","32.375","Tue, 11 May 2021 22:24:40 GMT"
"-M_SX30R4fL4gS7_mFP_","32.375","Tue, 11 May 2021 22:24:50 GMT"
"-M_SX5TAvGgJ-HUVCeAJ","32.3125","Tue, 11 May 2021 22:25:00 GMT"
"-M_SX7trZ8__ezsW3Je4","32.25","Tue, 11 May 2021 22:25:10 GMT"
"-M_SXAL84PZBY1aYO2OI","32.25","Tue, 11 May 2021 22:25:20 GMT"
"-M_SXCn2ITX7GBlvjNxA","32.1875","Tue, 11 May 2021 22:25:30 GMT"
"-M_SXFUD7QEZLz6fD-BE","32.1875","Tue, 11 May 2021 22:25:40 GMT"
"-M_SXHf9kUeE_1dmlcAM","32.125","Tue, 11 May 2021 22:25:50 GMT"
"-M_SXK6ad-2xmba_j_Qq","32.0625","Tue, 11 May 2021 22:26:00 GMT"
"-M_SXMYoaZR8DYiOg2nD","32.0625","Tue, 11 May 2021 22:26:10 GMT"
"-M_SXP-9nV_0XT8WkX5P","32","Tue, 11 May 2021 22:26:20 GMT"
"-M_SXRR1K-dfTXWDyKZN","31.9375","Tue, 11 May 2021 22:26:30 GMT"
"-M_SXTsFOcq9kmx4D58G","31.875","Tue, 11 May 2021 22:26:40 GMT"
"-M_SXWJcyFdKASWi3QOI","31.875","Tue, 11 May 2021 22:26:50 GMT"
"-M_SXZ-UiZuLuwXWaQcP","31.8125","Tue, 11 May 2021 22:27:00 GMT"
"-M_SXaBugIDJsw9etzyA","31.75","Tue, 11 May 2021 22:27:10 GMT"
"-M_SXcdWvaiJuAqbBJnF","31.75","Tue, 11 May 2021 22:27:20 GMT"
"-M_SXf53-oJTRmoaiMsl","31.6875","Tue, 11 May 2021 22:27:30 GMT"
"-M_SXhXRDCaECSfWBCZV","31.6875","Tue, 11 May 2021 22:27:40 GMT"
"-M_SXjybH15x6jU64Z0i","31.625","Tue, 11 May 2021 22:27:50 GMT"
"-M_SXmQPHH-sX9vDNawY","31.625","Tue, 11 May 2021 22:28:00 GMT"
"-M_SXoqlLKNkRjLslEDx","31.5625","Tue, 11 May 2021 22:28:10 GMT"
"-M_SXrI9uTtkRF3kz1yG","31.5","Tue, 11 May 2021 22:28:20 GMT"
"-M_SXtiuQJ32wxqzkDf6","31.4375","Tue, 11 May 2021 22:28:30 GMT"
"-M_SXwA9Z6O_egAkA_iR","31.4375","Tue, 11 May 2021 22:28:40 GMT"
"-M_SXybTX1PqrQcCO9gM","31.4375","Tue, 11 May 2021 22:28:50 GMT"
"-M_SY02cwHF8WfTnD1dp","31.375","Tue, 11 May 2021 22:29:00 GMT"
"-M_SY2UtwSvKXzUS9MYw","31.3125","Tue, 11 May 2021 22:29:10 GMT"
"-M_SY4wEnjaKI-J-MkdP","31.25","Tue, 11 May 2021 22:29:20 GMT"
"-M_SY7NgwAl1mpYZJyFC","31.25","Tue, 11 May 2021 22:29:30 GMT"
"-M_SY9onHAVSj1eG2VlF","31.1875","Tue, 11 May 2021 22:29:40 GMT"
"-M_SYCGPaFg5eGx743uk","31.1875","Tue, 11 May 2021 22:29:52 GMT"
"-M_SYFOrjmepXc9A37ll","31.125","Tue, 11 May 2021 22:30:00 GMT"
"-M_SYH8kvqQrGHT5ORw7","31.125","Tue, 11 May 2021 22:30:10 GMT"
"-M_SYJ__cDk-BlkDaqoa","31.125","Tue, 11 May 2021 22:30:20 GMT"
"-M_SYM0stojuyb7JSixw","31.0625","Tue, 11 May 2021 22:30:30 GMT"
"-M_SYOT9OlrIQOFl-SEX","31","Tue, 11 May 2021 22:30:40 GMT"
"-M_SYQuMHWXShvb5fTmO","30.9375","Tue, 11 May 2021 22:30:50 GMT"
"-M_SYTLlWAxBN8WRbIIv","30.9375","Tue, 11 May 2021 22:31:00 GMT"
"-M_SYVmuUkFWhaf_QsM7","30.875","Tue, 11 May 2021 22:31:10 GMT"
"-M_SYYEFgeR-ZN1neDvd","30.8125","Tue, 11 May 2021 22:31:20 GMT"
"-M_SY_fOv9kRm60VE7l9","30.8125","Tue, 11 May 2021 22:31:30 GMT"
"-M_SYc6rOGHPkIVCRPJV","30.75","Tue, 11 May 2021 22:31:40 GMT"
"-M_SYeZ3zqOop4kUdnGn","30.75","Tue, 11 May 2021 22:31:50 GMT"
"-M_SYh-J8Y-fftk3YCR0","30.6875","Tue, 11 May 2021 22:32:02 GMT"
"-M_SYjjxKWRvH4ncoXVT","30.6875","Tue, 11 May 2021 22:32:10 GMT"
"-M_SYlt-Tqoacq_7piOt","30.625","Tue, 11 May 2021 22:32:20 GMT"
"-M_SYoKCM5l0W5fP3XYd","30.625","Tue, 11 May 2021 22:32:30 GMT"
"-M_SYqlX1jBr8FW_5jPz","30.5625","Tue, 11 May 2021 22:32:41 GMT"
"-M_SYtDpSaDO3l7sEGG_","30.5625","Tue, 11 May 2021 22:32:50 GMT"
"-M_SYveHiKSOBoYzt17b","30.5","Tue, 11 May 2021 22:33:01 GMT"
"-M_SYyL9PM_llRBjo-D7","30.4375","Tue, 11 May 2021 22:33:10 GMT"
"-M_SZ-XGZxZP0j94vc39","30.4375","Tue, 11 May 2021 22:33:20 GMT"
"-M_SZ1yirNSYXtANJU7c","30.4375","Tue, 11 May 2021 22:33:30 GMT"
"-M_SZ4Q4uiy0nVitclKl","30.3125","Tue, 11 May 2021 22:33:40 GMT"
"-M_SZ6r4dOc6_HbuiU1F","30.3125","Tue, 11 May 2021 22:33:50 GMT"
"-M_SZ9ITLaBLtPftxuMO","30.25","Tue, 11 May 2021 22:34:00 GMT"
"-M_SZC0cJfRIvVBIEQ16","30.25","Tue, 11 May 2021 22:34:10 GMT"
"-M_SZEArFTk93ofzOBXu","30.1875","Tue, 11 May 2021 22:34:20 GMT"
"-M_SZGc4I5gVY-mJ76bB","30.1875","Tue, 11 May 2021 22:34:30 GMT"
"-M_SZJ3_-HuitAkWWtmm","30.125","Tue, 11 May 2021 22:34:40 GMT"
"-M_SZLVzRkkRgQuGJFGj","30.125","Tue, 11 May 2021 22:34:50 GMT"
"-M_SZNwrvDVSU2ufufvu","30.0625","Tue, 11 May 2021 22:35:00 GMT"
"-M_SZQO-TOT0Nvoc81xe","30.0625","Tue, 11 May 2021 22:35:10 GMT"
"-M_SZSpJSFXBPb2DW7SS","30","Tue, 11 May 2021 22:35:20 GMT"
"-M_SZVGn1JSUubCn6O8S","30","Tue, 11 May 2021 22:35:30 GMT"
"-M_SZXiC43QidCmxwpnI","29.9375","Tue, 11 May 2021 22:35:40 GMT"
"-M_SZ_A9WEhjl4ppxdq7","29.875","Tue, 11 May 2021 22:35:50 GMT"
"-M_SZbb7BJAdAXdOiyfj","29.875","Tue, 11 May 2021 22:36:00 GMT"
"-M_SZeIgbENqQyKY-87i","29.875","Tue, 11 May 2021 22:36:10 GMT"
"-M_SZgU29wgoosMQy5Lw","29.8125","Tue, 11 May 2021 22:36:20 GMT"
"-M_SZiuydLKkOAbo4NS5","29.8125","Tue, 11 May 2021 22:36:30 GMT"
"-M_SZlN33YE8IURQJ88i","29.75","Tue, 11 May 2021 22:36:40 GMT"
"-M_SZnnSzukFR7rVxy_L","29.75","Tue, 11 May 2021 22:36:50 GMT"
"-M_SZqEoWuaNqqUDtS64","29.6875","Tue, 11 May 2021 22:37:00 GMT"
"-M_SZsg7BqCWAbI2mOfi","29.6875","Tue, 11 May 2021 22:37:10 GMT"
"-M_SZv7gVjF4KTpuFdQO","29.6875","Tue, 11 May 2021 22:37:21 GMT"
"-M_SZx_DxX4MXvN9vaYw","29.625","Tue, 11 May 2021 22:37:30 GMT"
"-M_S_-02HLp5HIrlkAJQ","29.5625","Tue, 11 May 2021 22:37:40 GMT"
"-M_S_1S-_aOoQWrySXjN","29.5625","Tue, 11 May 2021 22:37:50 GMT"
"-M_S_3tF9D0MxWfjq8kH","29.5","Tue, 11 May 2021 22:38:00 GMT"
"-M_S_6KZZITCkJSk1Gl4","29.5","Tue, 11 May 2021 22:38:10 GMT"
"-M_S_8lgTp0CO1F0aJHm","29.5","Tue, 11 May 2021 22:38:20 GMT"
"-M_S_BD0hCEMtBGQUq0L","29.4375","Tue, 11 May 2021 22:38:30 GMT"
"-M_S_DfVTor5eCS68nT8","29.4375","Tue, 11 May 2021 22:38:40 GMT"
"-M_S_G5eGjdOfmkvzfJp","29.375","Tue, 11 May 2021 22:38:50 GMT"
"-M_S_IXnhr-Tpoyqwds-","29.375","Tue, 11 May 2021 22:39:00 GMT"
"-M_S_LHlvDCIqcMUOHTr","29.3125","Tue, 11 May 2021 22:39:12 GMT"
"-M_S_Ng6nAZwNl7yPdsk","29.3125","Tue, 11 May 2021 22:39:21 GMT"
"-M_S_PsPfKeUXQ2uWVon","29.25","Tue, 11 May 2021 22:39:30 GMT"
"-M_S_SJAMDzNNEkAH6MO","29.25","Tue, 11 May 2021 22:39:40 GMT"
"-M_S_UkWsgYvBF7gLj6k","29.1875","Tue, 11 May 2021 22:39:52 GMT"
"-M_S_XYZbZ6rLaJt_WAx","29.1875","Tue, 11 May 2021 22:40:00 GMT"
"-M_S_ZdBN5B1UKP9uI4u","29.1875","Tue, 11 May 2021 22:40:10 GMT"
"-M_S_b4EW2voHJPngdLJ","29.125","Tue, 11 May 2021 22:40:20 GMT"
"-M_S_dWVkMP7LkthSAep","29.125","Tue, 11 May 2021 22:40:30 GMT"
"-M_S_fxgd7gsjGGr7kDm","29.0625","Tue, 11 May 2021 22:40:40 GMT"
"-M_S_iP99UaXlbOnNyDM","29.0625","Tue, 11 May 2021 22:40:50 GMT"
"-M_S_kqK_Ug-LWBGDTHJ","29","Tue, 11 May 2021 22:41:01 GMT"
"-M_S_nHoO2oibGXnRGiy","29","Tue, 11 May 2021 22:41:10 GMT"
"-M_S_piokY4WhAVBTulI","29","Tue, 11 May 2021 22:41:21 GMT"
"-M_S_sUjU16BogfVA86t","28.9375","Tue, 11 May 2021 22:41:31 GMT"
"-M_S_ucOpV8LugTnUx97","28.9375","Tue, 11 May 2021 22:41:40 GMT"
"-M_S_x2k2yCphbsRTJlI","28.875","Tue, 11 May 2021 22:41:50 GMT"
"-M_S_zUNhaKBSvsGFmd1","28.875","Tue, 11 May 2021 22:42:00 GMT"
"-M_Sa0vhFsIjQ_RrOCyp","28.8125","Tue, 11 May 2021 22:42:10 GMT"
"-M_Sa3cdyLU3T6rLS4jm","28.8125","Tue, 11 May 2021 22:42:20 GMT"
"-M_Sa5oEGeIRrNhXwS0s","28.75","Tue, 11 May 2021 22:42:30 GMT"
"-M_Sa8FRI7bodnTOzq8r","28.75","Tue, 11 May 2021 22:42:42 GMT"
"-M_SaCGj4SiP52MYIod1","28.75","Tue, 11 May 2021 22:42:51 GMT"
"-M_SaDStlO-FgCssK3jQ","28.6875","Tue, 11 May 2021 22:43:02 GMT"
"-M_SaFvaU_DJJvKgMz_r","28.6875","Tue, 11 May 2021 22:43:10 GMT"
"-M_SaI0iybNQPf93P-hL","28.625","Tue, 11 May 2021 22:43:20 GMT"
"-M_SaKSpeUg4sjj6LNLO","28.625","Tue, 11 May 2021 22:43:30 GMT"
"-M_SaMvIxK0nXY-DyOCQ","28.625","Tue, 11 May 2021 22:43:41 GMT"
"-M_SaPMEPGsZmZPRHRFQ","28.5625","Tue, 11 May 2021 22:44:02 GMT"
"-M_SaUU2oVI5lka_sj-c","28.5625","Tue, 11 May 2021 22:44:12 GMT"
"-M_SaUYGZaWaxn3OVB9U","28.5","Tue, 11 May 2021 22:44:22 GMT"
"-M_SaX-3fQtr_7VIhc6v","28.5","Tue, 11 May 2021 22:44:32 GMT"
"-M_SaZS0I-JEbr6Q2zJG","28.4375","Tue, 11 May 2021 22:44:42 GMT"
"-M_SaariSb-q-XAwZIb_","28.4375","Tue, 11 May 2021 22:44:53 GMT"
"-M_SadIlYWWfBh32iSNi","28.4375","Tue, 11 May 2021 22:45:05 GMT"
"-M_SaiaLU7uOKXgIbX_0","28.375","Tue, 11 May 2021 22:45:13 GMT"
"-M_SaitxmoLFrARpIUnB","28.375","Tue, 11 May 2021 22:45:23 GMT"
"-M_Sal-fdaro1G8XMq-S","28.3125","Tue, 11 May 2021 22:45:33 GMT"
"-M_SanPT3m-4Nw5ECtJC","28.3125","Tue, 11 May 2021 22:45:43 GMT"
"-M_SapqiKpxrYOGr4JdK","28.3125","Tue, 11 May 2021 22:45:53 GMT"
"-M_SasIWt6Zs2jpfR5qZ","28.25","Tue, 11 May 2021 22:46:03 GMT"
"-M_SaujS2bHC5oc_H0-c","28.25","Tue, 11 May 2021 22:46:13 GMT"
"-M_SaxAj8PXvBk1vBIkz","28.1875","Tue, 11 May 2021 22:46:23 GMT"
"-M_SazcGPOgyiBN50e25","28.1875","Tue, 11 May 2021 22:46:33 GMT"
"-M_Sb13CTF5k-dhBMJRo","28.125","Tue, 11 May 2021 22:46:43 GMT"
"-M_Sb3VqnP07nKwOgRz7","28.125","Tue, 11 May 2021 22:46:53 GMT"
"-M_Sb5xc3YkDJtjscw6P","28.125","Tue, 11 May 2021 22:47:03 GMT"
"-M_Sb8Ob3QEDnINmWRWU","28.0625","Tue, 11 May 2021 22:47:13 GMT"
"-M_SbApANJAhEYX-NqWI","28.0625","Tue, 11 May 2021 22:47:23 GMT"
"-M_SbDGjH4SCz6-XZLvp","28","Tue, 11 May 2021 22:47:33 GMT"
"-M_SbFip9YP4CF4HdGbl","28","Tue, 11 May 2021 22:47:43 GMT"
"-M_SbI9-nozMYtGcFAzW","28","Tue, 11 May 2021 22:47:53 GMT"
"-M_SbKaBb8GvZ3URIqPK","27.9375","Tue, 11 May 2021 22:48:03 GMT"
"-M_SbN1YXRTjDkBw638E","27.9375","Tue, 11 May 2021 22:48:13 GMT"
"-M_SbPmXEbtWjo7j_PuU","27.9375","Tue, 11 May 2021 22:48:23 GMT"
"-M_SbRunTzulYO5JohvN","27.875","Tue, 11 May 2021 22:48:33 GMT"
"-M_SbUMhZEs7D1OWO2_G","27.875","Tue, 11 May 2021 22:48:43 GMT"
"-M_SbWnlf-PXPzKVJNbs","27.875","Tue, 11 May 2021 22:48:53 GMT"
"-M_SbZEk8rr_0eyXRl8W","27.8125","Tue, 11 May 2021 22:49:03 GMT"
"-M_Sbafmi0yneeQhQ7b2","27.8125","Tue, 11 May 2021 22:49:13 GMT"
"-M_Sbd70CbsYPP01OOXs","27.8125","Tue, 11 May 2021 22:49:23 GMT"
"-M_SbfZGVMTWyc0GVfvX","27.75","Tue, 11 May 2021 22:49:33 GMT"
"-M_Sbi-TDcg-sbagRf-Q","27.75","Tue, 11 May 2021 22:49:43 GMT"
"-M_SbkS0ifEUc9Ht0GNO","27.75","Tue, 11 May 2021 22:49:53 GMT"
"-M_SbmtCyK4b5V-A6wcz","27.6875","Tue, 11 May 2021 22:50:03 GMT"
"-M_SbpKgWQ5aiNj9_wdm","27.6875","Tue, 11 May 2021 22:50:13 GMT"
"-M_SbrmEGpC3y1fDUACM","27.625","Tue, 11 May 2021 22:50:23 GMT"
"-M_SbuEnjkb9XWJGxl3b","27.625","Tue, 11 May 2021 22:50:33 GMT"
"-M_Sbwf0_dPTqL7wN_gn","27.625","Tue, 11 May 2021 22:50:43 GMT"
"-M_Sbz5LP14opJdGWHsL","27.5625","Tue, 11 May 2021 22:50:53 GMT"
"-M_Sc0XV-QtX1mNv-57v","27.5625","Tue, 11 May 2021 22:51:05 GMT"
"-M_Sc3-4Xn7NIVwpqq2g","27.5625","Tue, 11 May 2021 22:51:15 GMT"
"-M_Sc60gCf5HDNs_SUVY","27.5625","Tue, 11 May 2021 22:51:23 GMT"
"-M_Sc8DSkc4mzdIFUQBf","27.5","Tue, 11 May 2021 22:51:33 GMT"
"-M_ScAIeFNsw3tfiJnds","27.5","Tue, 11 May 2021 22:51:43 GMT"
"-M_ScD3Tjp5IIXrcR66B","27.5","Tue, 11 May 2021 22:51:53 GMT"
"-M_ScFCkZ4NpuJBjehf_","27.4375","Tue, 11 May 2021 22:52:03 GMT"
"-M_ScHc_N4bxB7MDJbon","27.4375","Tue, 11 May 2021 22:52:13 GMT"
"-M_ScK5F0cf4kj-0zRnO","27.4375","Tue, 11 May 2021 22:52:23 GMT"
"-M_ScN_H6RzXWvW7HouD","27.375","Tue, 11 May 2021 22:52:33 GMT"
"-M_ScOxFwgari4m4Wad6","27.375","Tue, 11 May 2021 22:52:43 GMT"
"-M_ScROE0DVqUVyhBQlz","27.3125","Tue, 11 May 2021 22:52:53 GMT"
"-M_ScTpWvF5k0BToSols","27.3125","Tue, 11 May 2021 22:53:03 GMT"
"-M_ScWGo4NgR4UljV4tp","27.3125","Tue, 11 May 2021 22:53:13 GMT"
"-M_ScYiYFNTMsHdazoKl","27.3125","Tue, 11 May 2021 22:53:23 GMT"
"-M_Sca9WF3uhEt9-uIAp","27.25","Tue, 11 May 2021 22:53:33 GMT"
"-M_SccaWyiM11vgTWQ52","27.25","Tue, 11 May 2021 22:53:43 GMT"
"-M_Scf1juljSWtt8woZ4","27.25","Tue, 11 May 2021 22:53:53 GMT"
"-M_SchTwpwoC9uczbthA","27.1875","Tue, 11 May 2021 22:54:03 GMT"
"-M_ScjvE2fXxUSomyFa4","27.1875","Tue, 11 May 2021 22:54:14 GMT"
"-M_ScmMNA8YfAALC5p2y","27.125","Tue, 11 May 2021 22:54:23 GMT"
"-M_Scp2fxfw8RT2iVZX9","27.125","Tue, 11 May 2021 22:54:33 GMT"
"-M_ScrEpYmgcDvWKCp9y","27.125","Tue, 11 May 2021 22:54:43 GMT"
"-M_Sctg7kXJBVkSajwDv","27.125","Tue, 11 May 2021 22:54:53 GMT"
"-M_Scw7QYCT5GW1CKScr","27.0625","Tue, 11 May 2021 22:55:03 GMT"
"-M_ScyZhodkVhnwstimM","27.0625","Tue, 11 May 2021 22:55:15 GMT"
"-M_Sd00IEj4N2f2S7Z7a","27.0625","Tue, 11 May 2021 22:55:23 GMT"
"-M_Sd2oLURPg9dqXSi1R","27","Tue, 11 May 2021 22:55:33 GMT"
"-M_Sd4t_1Ng5a5An-0Ww","27","Tue, 11 May 2021 22:55:43 GMT"
"-M_Sd7KgAtI3lRDWpdOQ","27","Tue, 11 May 2021 22:55:53 GMT"
"-M_Sd9mC2ZBTr7Y0ilLo","26.9375","Tue, 11 May 2021 22:56:03 GMT"
"-M_SdCDZFxvLF1P3sRd1","26.9375","Tue, 11 May 2021 22:56:13 GMT"
"-M_SdEebP0mIn7uZfYWQ","26.9375","Tue, 11 May 2021 22:56:23 GMT"
"-M_SdH5WCn2cr-jnOwlN","26.875","Tue, 11 May 2021 22:56:33 GMT"
"-M_SdJYGJSoSAPhWDsz3","26.875","Tue, 11 May 2021 22:56:43 GMT"
"-M_SdLyyYZIl5xV3be4G","26.875","Tue, 11 May 2021 22:56:53 GMT"
"-M_SdOQIK8Niny-FwC4d","26.8125","Tue, 11 May 2021 22:57:03 GMT"
"-M_SdQrasYYg3sNaGw-J","26.8125","Tue, 11 May 2021 22:57:13 GMT"
"-M_SdTIwh6KhHrAQ1lDf","26.8125","Tue, 11 May 2021 22:57:23 GMT"
"-M_SdVzYDMOT3w3kGCfh","26.8125","Tue, 11 May 2021 22:57:34 GMT"
"-M_SdYCAtt0cYeQmZQBG","26.75","Tue, 11 May 2021 22:57:43 GMT"
"-M_Sd_uOL2M0lZu4SGdz","26.75","Tue, 11 May 2021 22:57:53 GMT"
"-M_Sdc4GfHltn5XWGqzK","26.75","Tue, 11 May 2021 22:58:03 GMT"
"-M_SdeWTJHN6IhnM9cdX","26.75","Tue, 11 May 2021 22:58:25 GMT"
"-M_SdgyVWBpkuUbK40w0","26.6875","Tue, 11 May 2021 22:58:37 GMT"
"-M_SdmD4pB010D5uxi41","26.6875","Tue, 11 May 2021 22:58:45 GMT"
"-M_SdmHb570KhvE9b1NV","26.6875","Tue, 11 May 2021 22:58:55 GMT"
"-M_SdpALKWN57_h2zpBp","26.6875","Tue, 11 May 2021 22:59:05 GMT"
"-M_Sdr9pauZ2I8kXrOIA","26.625","Tue, 11 May 2021 22:59:15 GMT"
"-M_Sdtb3OhKS5d915xWb","26.625","Tue, 11 May 2021 22:59:25 GMT"
"-M_Sdw1b7tzwAR-SunLZ","26.625","Tue, 11 May 2021 22:59:35 GMT"
"-M_SdyTlAkTGRt4kSwNg","26.5625","Tue, 11 May 2021 22:59:45 GMT"
"-M_Se-vwYa887UJQLlww","26.5625","Tue, 11 May 2021 22:59:55 GMT"
"-M_Se2Mq5FdkqDrPdgZB","26.5625","Tue, 11 May 2021 23:00:05 GMT"
"-M_Se4o6HBBGhta9sd75","26.5","Tue, 11 May 2021 23:00:15 GMT"
"-M_Se7FZtukRj96VRlwz","26.5","Tue, 11 May 2021 23:00:25 GMT"
"-M_Se9ghguO1wtLPEV9N","26.5","Tue, 11 May 2021 23:00:35 GMT"
"-M_SeC7a0puU_ugbtNly","26.4375","Tue, 11 May 2021 23:00:45 GMT"
"-M_SeEaA-XZbCXtAArtP","26.4375","Tue, 11 May 2021 23:00:55 GMT"
"-M_SeH-zlH_1VhNlFgE7","26.4375","Tue, 11 May 2021 23:01:05 GMT"
"-M_SeJS7wgt0zi8Hkg7R","26.375","Tue, 11 May 2021 23:01:15 GMT"
"-M_SeLtVHSxpA84Bu46h","26.375","Tue, 11 May 2021 23:01:26 GMT"
"-M_SeOKYpKLr9Xq_T12F","26.375","Tue, 11 May 2021 23:01:35 GMT"
"-M_SeQlxMF3JwIwp-RMj","26.375","Tue, 11 May 2021 23:01:45 GMT"
"-M_SeTTzPZqFLw4x-Oc9","26.375","Tue, 11 May 2021 23:01:55 GMT"
"-M_SeVeKOav17XbUEBij","26.3125","Tue, 11 May 2021 23:02:05 GMT"
"-M_SeY5Zj0zNBws7snrV","26.3125","Tue, 11 May 2021 23:02:15 GMT"
"-M_Se_XjgJqYPdctqQrI","26.3125","Tue, 11 May 2021 23:02:25 GMT"
"-M_Sebz-Fkmj3QRddU4q","26.3125","Tue, 11 May 2021 23:02:35 GMT"
"-M_SeeQM8utYJe7DPrSu","26.25","Tue, 11 May 2021 23:02:45 GMT"
"-M_Segr_pB78_GqqPDvv","26.25","Tue, 11 May 2021 23:02:55 GMT"
"-M_SejIlEOtKkQIVHICB","26.25","Tue, 11 May 2021 23:03:07 GMT"
"-M_Selk-EDjjy0pspPYO","26.25","Tue, 11 May 2021 23:03:15 GMT"
"-M_SeoBJIgh3oP0PitDe","26.25","Tue, 11 May 2021 23:03:25 GMT"
"-M_SerAp1rcKHcazRKrV","26.1875","Tue, 11 May 2021 23:03:35 GMT"
"-M_Set4IwhfmRsA-rl_x","26.1875","Tue, 11 May 2021 23:03:45 GMT"
"-M_SevWQljGrveL02Fq6","26.125","Tue, 11 May 2021 23:03:55 GMT"
"-M_SexzDIsYznANMStt8","26.125","Tue, 11 May 2021 23:04:06 GMT"
"-M_Sf-Oaqf3LCL4HHRi3","26.125","Tue, 11 May 2021 23:04:15 GMT"
"-M_Sf1pjBGDsLd3bNz1h","26.125","Tue, 11 May 2021 23:04:25 GMT"
"-M_Sf4bYC610HnUGmkbY","26.125","Tue, 11 May 2021 23:04:35 GMT"
"-M_Sf6iUITnuOEjtgOil","26.0625","Tue, 11 May 2021 23:04:45 GMT"
"-M_Sf9Q53pUVQOanbUUS","26.0625","Tue, 11 May 2021 23:04:55 GMT"
"-M_SfBbq2tybDmWHMLq1","26.0625","Tue, 11 May 2021 23:05:05 GMT"
"-M_SfE454XAOKYCVT6lr","26.0625","Tue, 11 May 2021 23:05:15 GMT"
"-M_SfGUt0qMB3mRevEYR","26","Tue, 11 May 2021 23:05:25 GMT"
"-M_SfIw68iqSx4HpDYcg","26","Tue, 11 May 2021 23:05:35 GMT"
"-M_SfLN92vBJ5fGU7wDF","26","Tue, 11 May 2021 23:05:45 GMT"
"-M_SfNo35Cj8YLHxegfD","26","Tue, 11 May 2021 23:05:55 GMT"
"-M_SfQFY4HjgPobGFC-6","26","Tue, 11 May 2021 23:06:05 GMT"
"-M_SfSgi796-kGzinxrI","25.9375","Tue, 11 May 2021 23:06:19 GMT"
"-M_SfV82YNIivJBtAF1C","25.9375","Tue, 11 May 2021 23:06:25 GMT"
"-M_SfX_PkBESBgPjehmF","25.875","Tue, 11 May 2021 23:06:35 GMT"
"-M_Sfa5dsQRQnFIr5nvd","25.875","Tue, 11 May 2021 23:06:45 GMT"
"-M_SfbSzbyL268Yg7LQz","25.875","Tue, 11 May 2021 23:06:55 GMT"
"-M_SfeDvMHEJu1-xKqeF","25.875","Tue, 11 May 2021 23:07:05 GMT"
"-M_SfgLPFPuHclwModzT","25.875","Tue, 11 May 2021 23:07:15 GMT"
"-M_SfimdqcTZGYBg7gUM","25.8125","Tue, 11 May 2021 23:07:25 GMT"
"-M_SflDraPF_Xn1Jt4NN","25.8125","Tue, 11 May 2021 23:07:36 GMT"
"-M_Sfnf2luoTL5vuxgox","25.8125","Tue, 11 May 2021 23:07:45 GMT"
"-M_Sfq6LLmPH052i0CSH","25.8125","Tue, 11 May 2021 23:07:55 GMT"
"-M_SfsojhQgXejn_Tm7H","25.8125","Tue, 11 May 2021 23:08:05 GMT"
"-M_SfuzmBdY-y-m6-krs","25.75","Tue, 11 May 2021 23:08:46 GMT"
"-M_SfxR9AzbByCPVIJ1B","25.75","Tue, 11 May 2021 23:08:54 GMT"
"-M_Sfzsby8puTJWSZAET","25.75","Tue, 11 May 2021 23:09:04 GMT"
"-M_Sg4Dhac73ZNPbnDyB","25.75","Tue, 11 May 2021 23:09:14 GMT"
"-M_Sg8NdYwmQf8gwA0fS","25.6875","Tue, 11 May 2021 23:09:24 GMT"
"-M_Sg8slQiSGjmyVkygv","25.6875","Tue, 11 May 2021 23:09:34 GMT"
"-M_SgAt83fZdG2AHN5eY","25.6875","Tue, 11 May 2021 23:09:44 GMT"
"-M_SgDKPgYNKf0Q6HWIu","25.625","Tue, 11 May 2021 23:09:54 GMT"
"-M_SgFlXgLLAuj8UCL_l","25.625","Tue, 11 May 2021 23:10:04 GMT"
"-M_SgICGyNpT1pv4aw91","25.625","Tue, 11 May 2021 23:10:14 GMT"
"-M_SgKdSRypL6msfHnBc","25.625","Tue, 11 May 2021 23:10:24 GMT"
"-M_SgN4llu9JA08s2KAS","25.625","Tue, 11 May 2021 23:10:34 GMT"
"-M_SgPX7A3Q8V59-4ODR","25.5625","Tue, 11 May 2021 23:10:44 GMT"
"-M_SgRyLAffKnhDdXBXW","25.5625","Tue, 11 May 2021 23:10:54 GMT"
"-M_SgUPVWMJv-Ti9_EMg","25.5625","Tue, 11 May 2021 23:11:04 GMT"
"-M_SgWqi58KIAHvPqjuQ","25.5625","Tue, 11 May 2021 23:11:14 GMT"
"-M_SgZI62NjkYI1PzkC_","25.5","Tue, 11 May 2021 23:11:24 GMT"
"-M_SgajB7MMxQCSoe3cy","25.5","Tue, 11 May 2021 23:11:34 GMT"
"-M_SgdAl04lfZWuuYQx_","25.5","Tue, 11 May 2021 23:11:45 GMT"
"-M_Sgfbmlf0w3FoJkB35","25.5","Tue, 11 May 2021 23:11:54 GMT"
"-M_Sgi2wzHwpGkgJzCBZ","25.5","Tue, 11 May 2021 23:12:04 GMT"
"-M_SgkVTANfC2svdmjd3","25.4375","Tue, 11 May 2021 23:12:14 GMT"
"-M_SgmwSk155C9BcuOxG","25.4375","Tue, 11 May 2021 23:12:24 GMT"
"-M_SgpcF-drjQLz9IkgO","25.4375","Tue, 11 May 2021 23:12:34 GMT"
"-M_SgrpOkP09Ijy01Ev6","25.4375","Tue, 11 May 2021 23:12:44 GMT"
"-M_SguHeuRlmnWq7LQz1","25.4375","Tue, 11 May 2021 23:12:54 GMT"
"-M_Sgwht5_dIPaRdIkkq","25.375","Tue, 11 May 2021 23:13:04 GMT"
"-M_Sgz8wLOvFyQXCmcQa","25.375","Tue, 11 May 2021 23:13:14 GMT"
"-M_Sh0a1zyRAc4gFzSv1","25.375","Tue, 11 May 2021 23:13:24 GMT"
"-M_Sh31NTDyKu8LeO5co","25.375","Tue, 11 May 2021 23:13:34 GMT"
"-M_Sh5U5GmQhR-w1zl-V","25.3125","Tue, 11 May 2021 23:13:44 GMT"
"-M_Sh7ujwmyNsm5sb7sP","25.3125","Tue, 11 May 2021 23:13:56 GMT"
"-M_ShAM4d7A0GDb5Tq1k","25.3125","Tue, 11 May 2021 23:14:04 GMT"
"-M_ShCnWIWY-R8UAt1H3","25.3125","Tue, 11 May 2021 23:14:14 GMT"
"-M_ShFEfUzsp6vnORmyX","25.3125","Tue, 11 May 2021 23:14:24 GMT"
"-M_ShHfreWXDMnUG4N2v","25.3125","Tue, 11 May 2021 23:14:34 GMT"
"-M_ShKTv3HpWSbvn4x3h","25.25","Tue, 11 May 2021 23:14:44 GMT"
"-M_ShMZzMUvHjD0r-Cih","25.25","Tue, 11 May 2021 23:14:54 GMT"
"-M_ShP-Rch6zVJ3e24Q0","25.25","Tue, 11 May 2021 23:15:04 GMT"
"-M_ShRS-b1obD_dhF45y","25.25","Tue, 11 May 2021 23:15:14 GMT"
"-M_ShTsnHPZ3sxExhqcD","25.25","Tue, 11 May 2021 23:15:24 GMT"
"-M_ShW_ttfCYhcBB82Da","25.1875","Tue, 11 May 2021 23:15:34 GMT"
"-M_ShYl_2oV1AHRzko0-","25.1875","Tue, 11 May 2021 23:15:44 GMT"
"-M_ShaCrihg6xd3eHWHd","25.1875","Tue, 11 May 2021 23:15:54 GMT"
"-M_ShceHOerrkX7-7IxI","25.1875","Tue, 11 May 2021 23:16:04 GMT"
"-M_Shf5LIIs3bARTHRlo","25.125","Tue, 11 May 2021 23:16:14 GMT"
"-M_ShhXj8BMaA5MlhoxX","25.125","Tue, 11 May 2021 23:16:24 GMT"
"-M_ShjypovL-sm9MSk4h","25.125","Tue, 11 May 2021 23:16:34 GMT"
"-M_ShmQ7VTFUu45OOKqh","25.125","Tue, 11 May 2021 23:16:44 GMT"
"-M_ShorHYYURdlqWx2qc","25.125","Tue, 11 May 2021 23:16:54 GMT"
"-M_ShrIZNGxGZg-RZZlB","25.0625","Tue, 11 May 2021 23:17:04 GMT"
"-M_ShtjsVg0G5d3kO_PH","25.0625","Tue, 11 May 2021 23:17:14 GMT"
"-M_ShwB7Hl7hv3Kp5g-a","25.0625","Tue, 11 May 2021 23:17:24 GMT"
"-M_ShycGhOUc9u8_Tbp4","25.0625","Tue, 11 May 2021 23:17:34 GMT"
"-M_Si03UKjhGejf7YpcY","25.0625","Tue, 11 May 2021 23:17:44 GMT"
"-M_Si2VvkOHrDKiLgDnY","25","Tue, 11 May 2021 23:17:54 GMT"
"-M_Si4xB_7LIQ4kDdA3v","25","Tue, 11 May 2021 23:18:04 GMT"
"-M_Si7OKxvuWwpLjIhV2","25","Tue, 11 May 2021 23:18:14 GMT"
"-M_Si9pda_gFaqOMTV3D","25","Tue, 11 May 2021 23:18:24 GMT"
"-M_SiCW9pSueYc5wBAz7","24.9375","Tue, 11 May 2021 23:18:34 GMT"
"-M_SiF2gjUGW_6kogrBP","24.9375","Tue, 11 May 2021 23:18:44 GMT"
"-M_SiHU_MGuHOsG2XyGz","24.9375","Tue, 11 May 2021 23:18:54 GMT"
"-M_SiJaVHmCMvqCGBWvx","24.9375","Tue, 11 May 2021 23:19:04 GMT"
"-M_SiM1nNUfgcpz71PIn","24.9375","Tue, 11 May 2021 23:19:14 GMT"
"-M_SiOTqlfwWMmSUOjIS","24.9375","Tue, 11 May 2021 23:19:24 GMT"
"-M_SiQvBc8vBnXTk3Vbu","24.9375","Tue, 11 May 2021 23:19:34 GMT"
"-M_SiTNJKKwL_t6e4zfa","24.9375","Tue, 11 May 2021 23:19:44 GMT"
"-M_SiVnlbMy5AdfwWI8s","24.875","Tue, 11 May 2021 23:19:56 GMT"
"-M_SiYExXo4Iqfq6uob3","24.875","Tue, 11 May 2021 23:20:04 GMT"
"-M_Si_gCe-yvsO5tQztd","24.875","Tue, 11 May 2021 23:20:14 GMT"
"-M_Sic8t-svYETIYzz3u","24.875","Tue, 11 May 2021 23:20:24 GMT"
"-M_Sie_1DhssLknnvkN0","24.875","Tue, 11 May 2021 23:20:34 GMT"
"-M_SihxvWH6nCWebZF1P","24.875","Tue, 11 May 2021 23:20:44 GMT"
"-M_SijSBsajWk_AO8-ph","24.8125","Tue, 11 May 2021 23:20:57 GMT"
"-M_SiltXqpo1hqX9Y7Xw","24.8125","Tue, 11 May 2021 23:21:18 GMT"
"-M_SioKo8cDNlW0DWLoU","24.8125","Tue, 11 May 2021 23:21:18 GMT"
"-M_SiqmJUmIugIX7GUJN","24.8125","Tue, 11 May 2021 23:21:28 GMT"
"-M_SitDNFpv6mKZLOvMD","24.8125","Tue, 11 May 2021 23:21:38 GMT"
"-M_Sj0YIq7yLfoNyrcXY","24.75","Tue, 11 May 2021 23:21:48 GMT"
"-M_Sj0arVkBbduLrjtNY","24.75","Tue, 11 May 2021 23:22:00 GMT"
"-M_Sj32X0OUH5Fm1rlto","24.75","Tue, 11 May 2021 23:22:08 GMT"
"-M_Sj5UPxRDxZuD_KGIk","24.75","Tue, 11 May 2021 23:22:18 GMT"
"-M_Sj7xCmxwEvUrv74J9","24.75","Tue, 11 May 2021 23:22:30 GMT"
"-M_SjAn31Aw52Y3Jz9jE","24.6875","Tue, 11 May 2021 23:22:41 GMT"
"-M_SjCp01m8djEn2_DHM","24.6875","Tue, 11 May 2021 23:22:48 GMT"
"-M_SjFFps03rdvkABDCB","24.6875","Tue, 11 May 2021 23:22:58 GMT"
"-M_SjI-iamK-JGxhyl5q","24.6875","Tue, 11 May 2021 23:23:08 GMT"
"-M_SjKqOKB_Vua7-Jeoe","24.6875","Tue, 11 May 2021 23:23:18 GMT"
"-M_SjM_b5bZ2xRNU-e9v","24.6875","Tue, 11 May 2021 23:23:28 GMT"
"-M_SjP0csYoOj0YjRm91","24.6875","Tue, 11 May 2021 23:23:38 GMT"
"-M_SjRTDghnukVxXlvEg","24.625","Tue, 11 May 2021 23:23:48 GMT"
"-M_SjTuatvfSi-nyyJU3","24.625","Tue, 11 May 2021 23:23:58 GMT"
"-M_SjWLSEcqThdMIPH7P","24.625","Tue, 11 May 2021 23:24:09 GMT"
"-M_SjYn2A3kHxhEOqgdn","24.625","Tue, 11 May 2021 23:24:18 GMT"
"-M_SjaE3YAcUIHBG-2XO","24.625","Tue, 11 May 2021 23:24:28 GMT"
"-M_Sjcf3YpId987x2T4H","24.625","Tue, 11 May 2021 23:24:38 GMT"
"-M_SjfMBtdP4eA_oK9WI","24.625","Tue, 11 May 2021 23:24:48 GMT"
"-M_SjhYXijNYa-uIUQeW","24.5625","Tue, 11 May 2021 23:24:58 GMT"
"-M_SjjzhoJ6cpRlqVET5","24.5625","Tue, 11 May 2021 23:25:08 GMT"
"-M_SjmRCpZNK6k8Th2AA","24.5625","Tue, 11 May 2021 23:25:18 GMT"
"-M_SjosGfOP737Xc0Elq","24.5625","Tue, 11 May 2021 23:25:28 GMT"
"-M_SjrJQxqlrgfnVd8XD","24.5625","Tue, 11 May 2021 23:25:38 GMT"
"-M_SjtkfIsCzPPkaP3KP","24.5625","Tue, 11 May 2021 23:25:48 GMT"
"-M_SjwC2f5drA9imkV8q","24.5625","Tue, 11 May 2021 23:25:58 GMT"
"-M_SjydrOoSqfR70rVBl","24.5","Tue, 11 May 2021 23:26:08 GMT"
"-M_Sk04X2LGDl0ZV1eGJ","24.5","Tue, 11 May 2021 23:26:19 GMT"
"-M_Sk2XFMBblGfhLh1hl","24.5","Tue, 11 May 2021 23:26:28 GMT"
"-M_Sk4xzisIeL11mkphu","24.5","Tue, 11 May 2021 23:26:38 GMT"
"-M_Sk7PDfyFoA8WOjscl","24.5","Tue, 11 May 2021 23:26:48 GMT"
"-M_Sk9sCVCYSJYo9pvYg","24.5","Tue, 11 May 2021 23:26:58 GMT"
"-M_SkCIVp0RxFYqqqogV","24.4375","Tue, 11 May 2021 23:27:08 GMT"
"-M_SkEjGIc1uvCmUBaZd","24.4375","Tue, 11 May 2021 23:27:18 GMT"
"-M_SkHAI6C5VHUySi_co","24.4375","Tue, 11 May 2021 23:27:28 GMT"
"-M_SkJbj2HT6gtN34igA","24.4375","Tue, 11 May 2021 23:27:38 GMT"
"-M_SkMLx6q9YsmsO--JG","24.4375","Tue, 11 May 2021 23:27:49 GMT"
"-M_SkOW1nIaDruzgi8T5","24.4375","Tue, 11 May 2021 23:27:58 GMT"
"-M_SkQwN3wRkkJGfdMSP","24.4375","Tue, 11 May 2021 23:28:08 GMT"
"-M_SkTNVYBlAgHlxtBgz","24.375","Tue, 11 May 2021 23:28:18 GMT"
"-M_SkVq9Ca5HB8VqKFSN","24.375","Tue, 11 May 2021 23:28:28 GMT"
"-M_SkYFyqGgSYaauMHmx","24.375","Tue, 11 May 2021 23:28:38 GMT"
"-M_Sk_hatbRcrJwQQRFN","24.375","Tue, 11 May 2021 23:28:48 GMT"
"-M_Skc8KSZYP8xY9WyoY","24.375","Tue, 11 May 2021 23:28:58 GMT"
"-M_Ske_vuyWBMZXYntCb","24.3125","Tue, 11 May 2021 23:29:08 GMT"
"-M_Skh1Amcf-xIxSeWV8","24.3125","Tue, 11 May 2021 23:29:18 GMT"
"-M_SkjTJ4wXTw06FN0jH","24.3125","Tue, 11 May 2021 23:29:28 GMT"
"-M_SkluyJ-hDn5rD3pWm","24.3125","Tue, 11 May 2021 23:29:38 GMT"
"-M_SkoLfpP5Zpvc4tsgl","24.3125","Tue, 11 May 2021 23:29:48 GMT"
"-M_SkqmsL907tySQXSyy","24.3125","Tue, 11 May 2021 23:29:58 GMT"
"-M_SktED_ps7pCk84pDO","24.25","Tue, 11 May 2021 23:30:08 GMT"
"-M_SkvfZrt7frkifT998","24.25","Tue, 11 May 2021 23:30:19 GMT"
"-M_Sky6uFY1O9P2WQde6","24.25","Tue, 11 May 2021 23:30:28 GMT"
"-M_Sl-ZNS4tV1JRs-Pn7","24.25","Tue, 11 May 2021 23:30:40 GMT"
"-M_Sl2-0krUrrMMXpHgV","24.25","Tue, 11 May 2021 23:30:48 GMT"
"-M_Sl4fuXxR3YUeuEkmu","24.1875","Tue, 11 May 2021 23:30:58 GMT"
"-M_Sl6sju4cxu7FqcdSA","24.25","Tue, 11 May 2021 23:31:08 GMT"
"-M_Sl9eLnxxsGxpMfUNx","24.25","Tue, 11 May 2021 23:31:18 GMT"
"-M_SlBlOXLGbw1rtuOLX","24.1875","Tue, 11 May 2021 23:31:28 GMT"
"-M_SlECK1E6U2IOMpof6","24.1875","Tue, 11 May 2021 23:31:38 GMT"
"-M_SlGdfn_BJOo58QVGx","24.1875","Tue, 11 May 2021 23:31:48 GMT"
"-M_SlJ4v37tcRxliTh6m","24.1875","Tue, 11 May 2021 23:31:58 GMT"
"-M_SlLXBRE_9bviJDZpl","24.125","Tue, 11 May 2021 23:32:08 GMT"
"-M_SlNyP9ZQ30rPm78WZ","24.1875","Tue, 11 May 2021 23:32:18 GMT"
"-M_SlQPt1VIuSeFtUYfC","24.125","Tue, 11 May 2021 23:32:28 GMT"
"-M_SlSqwcXbpljQbimKu","24.125","Tue, 11 May 2021 23:32:38 GMT"
"-M_SlVICgwJeMWZjltPk","24.125","Tue, 11 May 2021 23:32:48 GMT"
"-M_SlXjR02jnPF-Pohnm","24.125","Tue, 11 May 2021 23:32:58 GMT"
"-M_Sl_AYRj7w2kBxsEck","24.125","Tue, 11 May 2021 23:33:08 GMT"
"-M_SlbcKeOu6njlypjo6","24.125","Tue, 11 May 2021 23:33:18 GMT"
"-M_Sle3AoWE80wP20z1G","24.125","Tue, 11 May 2021 23:33:28 GMT"
"-M_SlgVKFnpJc08uoDPu","24.0625","Tue, 11 May 2021 23:33:38 GMT"
"-M_Sliwd-uH07CdVuP8R","24.0625","Tue, 11 May 2021 23:33:48 GMT"
"-M_SlldS76UCwOWYUC2p","24.0625","Tue, 11 May 2021 23:33:58 GMT"
"-M_SlnpAMDeRAqYQSPtK","24.0625","Tue, 11 May 2021 23:34:08 GMT"
"-M_SlqGLeA1vwKa8G1z2","24.0625","Tue, 11 May 2021 23:34:18 GMT"
"-M_SlshfyLx1lxqECIHL","24.0625","Tue, 11 May 2021 23:34:28 GMT"
"-M_Slv8vLrMVB--SAY5_","24.0625","Tue, 11 May 2021 23:34:38 GMT"
"-M_Slxa5S01xsZVnYIdT","24.0625","Tue, 11 May 2021 23:34:48 GMT"
"-M_Sm-1NAjtujlBRGG8_","24.0625","Tue, 11 May 2021 23:34:58 GMT"
"-M_Sm1TjOm7Ygab_QTTA","24","Tue, 11 May 2021 23:35:08 GMT"
"-M_Sm3uvuEpB_OIbYye6","24","Tue, 11 May 2021 23:35:18 GMT"
"-M_Sm6MIynu21f7g-7wB","24","Tue, 11 May 2021 23:35:28 GMT"
"-M_Sm8nMLN6UvD7nctHN","24","Tue, 11 May 2021 23:35:38 GMT"
"-M_SmBEk4b6eBZ3_l5Y9","24","Tue, 11 May 2021 23:35:48 GMT"
"-M_SmDg03cxkLv3bQAJf","24","Tue, 11 May 2021 23:35:58 GMT"
"-M_SmG7L0cmyzaef7jls","24","Tue, 11 May 2021 23:36:08 GMT"
"-M_SmIZMLC71kClYzaCu","23.9375","Tue, 11 May 2021 23:36:18 GMT"
"-M_SmL-gsHvl6MLEJMq5","23.9375","Tue, 11 May 2021 23:36:28 GMT"
"-M_SmNRuwTlmffiXCx3-","23.9375","Tue, 11 May 2021 23:36:38 GMT"
"-M_SmPt8kq0aQIwBlDak","23.9375","Tue, 11 May 2021 23:36:48 GMT"
"-M_SmSZlLSDHnUk7sTju","23.9375","Tue, 11 May 2021 23:36:58 GMT"
"-M_SmUleGaBvsF_fQfmf","23.9375","Tue, 11 May 2021 23:37:08 GMT"
"-M_SmXCvcrKeDelTtMim","23.9375","Tue, 11 May 2021 23:37:18 GMT"
"-M_SmZeKwyUKyMTEH0Mk","23.9375","Tue, 11 May 2021 23:37:28 GMT"
